1,1,1,Astronaut Female Pose Side,astronaut-female/astronaut_female_0_side.png,Astronaut Female Pose Side,,,,,
2,1,2,Astronaut Female Pose 2,astronaut-female/astronaut_female_2.png,Astronaut Female Pose 2,,,,,
3,1,3,Astronaut Female Pose 3,astronaut-female/astronaut_female_3.png,Astronaut Female Pose 3,,,,,
4,1,4,Astronaut Female Pose 4,astronaut-female/astronaut_female_4.png,Astronaut Female Pose 4,,,,,
5,1,5,Astronaut Female Pose 5,astronaut-female/astronaut-female_05.png,Astronaut Female Pose 5,,,,,
6,2,6,Astronaut Male Pose Side,astronaut-male/astronaut_male_0_side.png,Astronaut Male Pose Side,,,,,
7,2,7,Astronaut Male Pose 2,astronaut-male/astronaut_male_2.png,Astronaut Male Pose 2,,,,,
8,2,8,Astronaut Male Pose 3,astronaut-male/astronaut_male_3.png,Astronaut Male Pose 3,,,,,
9,2,9,Astronaut Male Pose 4,astronaut-male/astronaut_male_4_main.png,Astronaut Male Pose 4,,,,,
10,2,10,Astronaut Male Pose 5,astronaut-male/astronaut_male_5.png,Astronaut Male Pose 5,,,,,
11,3,11,Doctor Female Pose 3,doctor-female/doctor_female_3.png,Doctor Female Pose 3,,,,,
12,3,12,Doctor Female Pose 4,doctor-female/doctor_female_4.png,Doctor Female Pose 4,,,,,
13,3,13,Doctor Female Pose 5,doctor-female/doctor_female_5_main.png,Doctor Female Pose 5,,,,,
14,3,14,Doctor Female Pose 6,doctor-female/doctor_female_6.png,Doctor Female Pose 6,,,,,
15,3,15,Doctor Female Pose 7,doctor-female/doctor_female_7.png,Doctor Female Pose 7,,,,,
16,4,16,Doctor Male Pose 1,doctor-male/doctor_male-1.png,Doctor Male Pose 1,,,,,
17,4,17,Doctor Male Pose 2,doctor-male/doctor_male-2_main.png,Doctor Male Pose 2,,,,,
18,4,18,Doctor Male Pose 5,doctor-male/doctor_male-5.png,Doctor Male Pose 5,,,,,
19,4,19,Doctor Male Pose 6,doctor-male/doctor_male-6.png,Doctor Male Pose 6,,,,,
20,4,20,Doctor Male Pose 7,doctor-male/doctor_male-7.png,Doctor Male Pose 7,,,,,
21,5,21,Female Engineer Pose 2,engineer-female/engineer_female_2.png,Female Engineer Pose 2,,,,,
22,5,22,Female Engineer Pose 3,engineer-female/engineer_female_3.png,Female Engineer Pose 3,,,,,
23,5,23,Female Engineer Pose 5,engineer-female/engineer_female_5.png,Female Engineer Pose 5,,,,,
24,5,24,Female Engineer Pose 7,engineer-female/engineer_female_7_main.png,Female Engineer Pose 7,,,,,
25,5,25,Female Engineer Pose 8,engineer-female/engineer_female_8.png,Female Engineer Pose 8,,,,,
26,6,26,Male Engineer Pose 3,engineer-male/engineer_male_3.png,Male Engineer Pose 3,,,,,
27,6,27,Male Engineer Pose 4,engineer-male/engineer_male_4.png,Male Engineer Pose 4,,,,,
28,6,28,Male Engineer Pose 7,engineer-male/engineer_male_7.png,Male Engineer Pose 7,,,,,
29,6,29,Male Engineer Pose 9,engineer-male/engineer_male_9_main.png,Male Engineer Pose 9,,,,,
30,6,30,Male Engineer Pose 10,engineer-male/engineer_male_10.png,Male Engineer Pose 10,,,,,
31,7,31,Female Entrepreneur Pose 2,entrepreneur-female/entrepreneur_female_2_2.png,Female Entrepreneur Pose 2,,,,,
32,7,32,Female Entrepreneur Pose 3,entrepreneur-female/entrepreneur_female_3_2.png,Female Entrepreneur Pose 3,,,,,
33,7,33,Female Entrepreneur Pose 4,entrepreneur-female/entrepreneur_female_4_2.png,Female Entrepreneur Pose 4,,,,,
34,7,34,Female Entrepreneur Pose 5,entrepreneur-female/entrepreneur_female_5_2.png,Female Entrepreneur Pose 5,,,,,
35,7,35,Female Entrepreneur Pose 6,entrepreneur-female/entrepreneur_female_6_2.png,Female Entrepreneur Pose 6,,,,,
36,8,36,Male Entrepreneur Pose 1,entrepreneur-male/entrepreneur_male_1.png,Male Entrepreneur Pose 1,,,,,
37,8,37,Male Entrepreneur Pose 2,entrepreneur-male/entrepreneur_male_2.png,Male Entrepreneur Pose 2,,,,,
38,8,38,Male Entrepreneur Pose 3,entrepreneur-male/entrepreneur_male_3_main.png,Male Entrepreneur Pose 3,,,,,
39,8,39,Male Entrepreneur Pose 4,entrepreneur-male/entrepreneur_male_4.png,Male Entrepreneur Pose 4,,,,,
40,9,40,Male Fireman Pose 2,fireman/fireman_2.png,Male Fireman Pose 2,,,,,
41,9,41,Male Fireman Pose 3,fireman/fireman_3.png,Male Fireman Pose 3,,,,,
42,9,42,Male Fireman Pose 10,fireman/fireman_10.png,Male Fireman Pose 10,,,,,
43,9,43,Male Fireman Pose 11,fireman/fireman_11.png,Male Fireman Pose 11,,,,,
44,9,44,Male Fireman Pose 13,fireman/fireman_13.png,Male Fireman Pose 13,,,,,
45,10,45,Female Firewoman Pose 1,firewoman/firewoman_1.png,Female Firewoman Pose 1,,,,,
46,10,46,Female Firewoman Pose 3,firewoman/firewoman_3.png,Female Firewoman Pose 3,,,,,
47,10,47,Female Firewoman Pose 9,firewoman/firewoman_9.png,Female Firewoman Pose 9,,,,,
48,10,48,Female Firewoman Pose 11,firewoman/firewoman_11.png,Female Firewoman Pose 11,,,,,
49,10,49,Female Firewoman Pose 13,firewoman/firewoman_13.png,Female Firewoman Pose 13,,,,,
50,11,50,Female Pilot Pose 3,pilot-female/pilot_female_3.png,Female Pilot Pose 3,,,,,
51,11,51,Female Pilot Pose 5,pilot-female/pilot_female_5.png,Female Pilot Pose 5,,,,,
52,11,52,Female Pilot Pose 7,pilot-female/pilot_female_7.png,Female Pilot Pose 7,,,,,
53,11,53,Female Pilot Pose 9,pilot-female/pilot_female_9.png,Female Pilot Pose 9,,,,,
54,11,54,Female Pilot Pose 13,pilot-female/pilot_female_13.png,Female Pilot Pose 13,,,,,
55,12,55,Male Pilot Pose 3,pilot-male/pilot_male_3.png,Male Pilot Pose 3,,,,,
56,12,56,Male Pilot Pose 5,pilot-male/pilot_male_5.png,Male Pilot Pose 5,,,,,
57,12,57,Male Pilot Pose 7,pilot-male/pilot_male_7.png,Male Pilot Pose 7,,,,,
58,12,58,Male Pilot Pose 9,pilot-male/pilot_male_9.png,Male Pilot Pose 9,,,,,
59,12,59,Male Pilot Pose 14,pilot-male/pilot_male_14.png,Male Pilot Pose 14,,,,,
60,15,60,Female Teacher Pose 1,teacher-female/teacher_female_1.png,Female Teacher Pose 1,,,,,
61,15,61,Female Teacher Pose 3,teacher-female/teacher_female_3.png,Female Teacher Pose 3,,,,,
62,15,62,Female Teacher Pose 4,teacher-female/teacher_female_4.png,Female Teacher Pose 4,,,,,
63,15,63,Female Teacher Pose 5,teacher-female/teacher_female_5.png,Female Teacher Pose 5,,,,,
64,15,64,Female Teacher Pose 6,teacher-female/teacher_female_6.png,Female Teacher Pose 6,,,,,
65,16,65,Male Teacher Pose 1,teacher-male/teacher_male_1.png,Male Teacher Pose 1,,,,,
66,16,66,Male Teacher Pose 2,teacher-male/teacher_male_2.png,Male Teacher Pose 2,,,,,
67,16,67,Male Teacher Pose 3,teacher-male/teacher_male_3.png,Male Teacher Pose 3,,,,,
68,16,68,Male Teacher Pose 4,teacher-male/teacher_male_4.png,Male Teacher Pose 4,,,,,
69,16,69,Male Teacher Pose 5,teacher-male/teacher_male_5.png,Male Teacher Pose 5,,,,,
70,13,70,Female Scientist Pose 1,scientist_female_1.png,Female Scientist Pose 1,,,,,
71,13,71,Female Scientist Pose 4,scientist_female_4.png,Female Scientist Pose 4,,,,,
72,13,72,Female Scientist Pose 6,scientist_female_6.png,Female Scientist Pose 6,,,,,
73,13,73,Female Scientist Pose 7,scientist_female_7.png,Female Scientist Pose 7,,,,,
74,13,74,Female Scientist Pose 8,scientist_female_8.png,Female Scientist Pose 8,,,,,
75,13,75,Male Scientist Pose 12,scientist_male_12.png,Male Scientist Pose 12,,,,,
76,14,76,Male Scientist Pose 4,scientist_male_4.png,Male Scientist Pose 4,,,,,
77,14,77,Male Scientist Pose 6,scientist_male_6.png,Male Scientist Pose 6,,,,,
78,14,78,Male Scientist Pose 7,scientist_male_7.png,Male Scientist Pose 7,,,,,
79,14,79,Male Scientist Pose 9,scientist_male_9.png,Male Scientist Pose 9,,,,,
80,17,80,Lawyer Female Pose 1,lawyer_female_1.png,Lawyer Female Pose 1,,,,,
81,17,81,Lawyer Female Pose 2,lawyer_female_2.png,Lawyer Female Pose 2,,,,,
82,17,82,Lawyer Female Pose 3,lawyer_female_3.png,Lawyer Female Pose 3,,,,,
83,17,83,Lawyer Female Pose 4,lawyer_female_4.png,Lawyer Female Pose 4,,,,,
84,18,85,Lawyer Male Pose 1,lawyer_male_1.png,Lawyer Male Pose 1,,,,,
85,18,85,Lawyer Male Pose 2,lawyer_male_2.png,Lawyer Male Pose 2,,,,,
86,18,85,Lawyer Male Pose 5,lawyer_male_5.png,Lawyer Male Pose 5,,,,,