1, 1, Astronaut Female 1, 1, 1.png, 10, Astronaut Female 1, 1, 1,,,
2, 2, Astronaut Female 2, 1, 2.png, 10, Astronaut Female 2, 1, 1,,,
3, 3, Astronaut Female 3, 1, 3.png, 10, Astronaut Female 3, 1, 1,,,
4, 4, Astronaut Female 4, 1, 4.png, 10, Astronaut Female 4, 1, 1,,,
5, 5, Astronaut Female 5, 1, 5.png, 10, Astronaut Female 5, 1, 1,,,
6, 6, Astronaut Male 1, 2, 6.png, 10, Astronaut Male 1, 1, 1,,,
7, 7, Astronaut Male 2, 2, 7.png, 10, Astronaut Male 2, 1, 1,,,
8, 8, Astronaut Male 3, 2, 8.png, 10, Astronaut Male 3, 1, 1,,,
9, 9, Astronaut Male 4, 2, 9.png, 10, Astronaut Male 4, 1, 1,,,
10, 10, Astronaut Male 5, 2, 10.png, 10, Astronaut Male 5, 1, 1,,,
11, 11, Doctor Female 1, 3, 11.png, 11, Doctor Female 1, 1, 1,,,
12, 12, Doctor Female 2, 3, 12.png, 12, Doctor Female 2, 1, 1,,,
13, 13, Doctor Female 3, 3, 13.png, 13, Doctor Female 3, 1, 1,,,
14, 14, Doctor Female 4, 3, 14.png, 14, Doctor Female 4, 1, 1,,,
15, 15, Doctor Female 5, 3, 15.png, 15, Doctor Female 5, 1, 1,,,
16, 16, Doctor Male 1, 4, 16.png, 16, Doctor Male 1, 1, 1,,,
17, 17, Doctor Male 2, 4, 17.png, 17, Doctor Male 2, 1, 1,,,
18, 18, Doctor Male 3, 4, 18.png, 18, Doctor Male 3, 1, 1,,,
19, 19, Doctor Male 4, 4, 19.png, 19, Doctor Male 4, 1, 1,,,
20, 20, Doctor Male 5, 4, 20.png, 20, Doctor Male 5, 1, 1,,,