Default,bg_image_0.png
Toskana,bg_image_1.png
Milford Sound,bg_image_2.png
Italia Dolce Vita,bg_image_3.png
Aqua Marine,bg_image_4.png
Sakura,bg_image_5.png
Manarola,bg_image_6.png
Bora Bora,bg_image_7.png
Ponte Vecchio,bg_image_8.png
Hillside,bg_image_9.png
Castel del Monte,bg_image_10.png
Mountains,bg_image_11.png
South America,bg_image_12.png
Sunset,bg_image_13.png
Forest,bg_image_14.png
Monsters,bg_image_15.png
Ocean,bg_image_16.png
Safari,bg_image_17.png
Pink Space,bg_image_18.png
Spaceships,bg_image_19.png
Blue Space,bg_image_20.png
Kingdoms,bg_image_21.png
Reflection,bg_image_22.png
Nature,bg_image_23.png
Desert,bg_image_24.png
Arctic,bg_image_25.png
Jungle,bg_image_26.png
Forest,bg_image_27.png
Mushroom Forest,bg_image_28.png
Mushroom House,bg_image_29.png